[
  {
    "title": "From Data Science to Digital Marketing: My Multi-Disciplinary Journey",
    "excerpt": "Exploring how I expanded from data science into digital marketing, combining analytical skills with creative content creation and SEO optimization strategies.",
    "content": "My journey in technology has taken an exciting turn as I've expanded from pure data science into the dynamic world of digital marketing. This transition has been both challenging and rewarding, allowing me to apply my analytical mindset to creative marketing strategies.\n\nStarting with my Academor internship in data science, I developed a strong foundation in machine learning and predictive analytics. Working on loan prediction models taught me the importance of data preprocessing, feature engineering, and model validation. However, I soon realized that data science skills could be powerfully applied to marketing challenges.\n\nMy venture into digital marketing began with creating 'Crazydealzzcrew', an SEO-optimized blog featuring affiliate products. This project combined my technical skills with creative content creation. I applied on-page SEO techniques, conducted keyword research, and implemented Google Analytics tracking to monitor performance.\n\nThe most exciting aspect has been creating multimedia content across platforms. I've developed engaging YouTube videos and Instagram Reels for product reviews, learning how to balance entertainment with information. This multi-platform approach has taught me about audience engagement and conversion optimization.\n\nWhat I've discovered is that the analytical mindset from data science perfectly complements digital marketing. Understanding metrics, analyzing user behavior, and optimizing based on data are core to both fields. The ability to segment audiences, much like customer segmentation in retail analytics, has proven invaluable in targeting marketing campaigns.\n\nLooking forward, I'm excited to further merge these disciplines, perhaps exploring marketing automation, predictive customer behavior models, or advanced attribution analysis. The intersection of data science and digital marketing represents a powerful combination for the modern digital economy.",
    "date": "2024-12-15",
    "author": "Sai Kiran",
    "tags": ["Data Science", "Digital Marketing", "SEO", "Career", "Multi-disciplinary"]
  },
  {
    "title": "My Journey into Data Science: From Engineering Student to Data Enthusiast",
    "excerpt": "Exploring how my passion for data science evolved during my Computer Science Engineering studies and the projects that shaped my understanding of machine learning and analytics.",
    "content": "Data science has been a fascinating journey for me, starting from my early days as a Computer Science Engineering student. What began as curiosity about patterns in data has evolved into a deep passion for extracting meaningful insights from complex datasets.\n\nMy first real exposure to data science came through the Academor internship, where I worked on loan prediction models. This experience opened my eyes to the practical applications of machine learning in financial services. The challenge of predicting loan approvals based on credit history and applicant details taught me the importance of data preprocessing, feature engineering, and model validation.\n\nOne of the most rewarding aspects of my data science journey has been working with diverse datasets - from customer segmentation in retail to sales analysis for major brands like Coca-Cola. Each project has taught me something new about the art and science of data analysis.\n\nLooking ahead, I'm excited to explore more advanced machine learning techniques and their applications in solving real-world problems. The field of data science is constantly evolving, and I'm committed to staying at the forefront of these developments.",
    "date": "2024-11-30",
    "author": "Sai Kiran",
    "tags": ["Data Science", "Machine Learning", "Career", "Student Life"]
  },
  {
    "title": "Building Effective Data Visualizations: Lessons from My Tableau Projects",
    "excerpt": "Key insights and best practices I've learned while creating interactive dashboards and visualizations using Tableau and other tools.",
    "content": "Data visualization is more than just creating pretty charts - it's about telling compelling stories with data. Through my experience with Tableau and Excel dashboards, I've learned several key principles that make visualizations truly effective.\n\nFirst, understanding your audience is crucial. When I created the Coca-Cola sales dashboard, I had to consider what metrics would be most valuable to business stakeholders. This meant focusing on KPIs that directly impact decision-making rather than including every possible metric.\n\nInteractivity is another powerful feature when used appropriately. Slicers and filters allow users to explore data from different angles, but too many options can overwhelm users. The key is finding the right balance between functionality and simplicity.\n\nColor choice and layout design significantly impact the effectiveness of visualizations. I've learned to use color strategically to highlight important insights and maintain consistency across dashboard elements.\n\nPerhaps most importantly, every visualization should have a clear purpose. Whether it's identifying trends, comparing performance, or highlighting outliers, the intent should be immediately clear to viewers.\n\nThese principles have guided my approach to data visualization and continue to inform how I present analytical insights to various audiences.",
    "date": "2024-11-28",
    "author": "Sai Kiran",
    "tags": ["Data Visualization", "Tableau", "Dashboard Design", "Analytics"]
  },
  {
    "title": "SEO and Content Marketing: Lessons from Building Crazydealzzcrew",
    "excerpt": "A comprehensive guide to building an affiliate marketing blog from scratch, covering SEO optimization, content strategy, and multi-platform promotion techniques.",
    "content": "Building 'Crazydealzzcrew', my affiliate marketing blog, has been an incredible learning experience that combines technical SEO skills with creative content marketing. This project taught me valuable lessons about digital marketing that I want to share.\n\nThe foundation of any successful blog starts with thorough keyword research. I used tools like Google Keyword Planner and SEMrush to identify high-volume, low-competition keywords in the deals and affiliate marketing space. Understanding search intent was crucial - targeting keywords that indicated purchase intent rather than just informational queries.\n\nOn-page SEO became my technical playground. I optimized title tags, meta descriptions, and header structures while ensuring content remained readable and valuable to users. Internal linking strategies helped distribute page authority throughout the site, while proper schema markup improved search engine understanding of my content.\n\nContent creation required balancing SEO requirements with genuine value for readers. Each product review needed to be authentic and helpful while naturally incorporating target keywords. I learned that Google's algorithms increasingly favor content that demonstrates expertise, authoritativeness, and trustworthiness (E-A-T).\n\nExpanding to YouTube and Instagram opened new avenues for audience engagement. Creating video reviews and Instagram Reels required different content strategies but provided opportunities for visual storytelling that text alone couldn't achieve. The key was maintaining consistent messaging across all platforms while adapting content format to each platform's strengths.\n\nGoogle Analytics became my compass for optimization. Tracking user behavior, conversion rates, and traffic sources provided data-driven insights for improving performance. A/B testing different call-to-action placements and content formats helped optimize conversion rates.\n\nThe most valuable lesson was understanding that successful affiliate marketing isn't about aggressive selling—it's about building trust through genuine recommendations and valuable content. When readers trust your expertise, conversions follow naturally.\n\nThis project perfectly demonstrates how data science analytical thinking applies to marketing challenges, making it a natural extension of my technical background.",
    "date": "2024-11-15",
    "author": "Sai Kiran",
    "tags": ["SEO", "Content Marketing", "Affiliate Marketing", "Digital Strategy", "Analytics"]
  },
  {
    "title": "Machine Learning in Action: Customer Segmentation with K-Means Clustering",
    "excerpt": "A deep dive into my customer segmentation project, exploring the technical challenges and business insights uncovered through K-Means clustering.",
    "content": "Customer segmentation is one of the most practical applications of unsupervised machine learning in business. My recent project focusing on retail customer segmentation using K-Means clustering provided valuable insights into both the technical and business aspects of this powerful technique.\n\nThe project began with understanding the business objective: identifying distinct customer groups to improve targeted marketing strategies. This clear goal guided every technical decision throughout the project.\n\nData preprocessing was crucial for success. Customer purchasing behavior data required careful handling of outliers, feature scaling, and selection of relevant variables. I learned that the quality of clustering results heavily depends on these preprocessing steps.\n\nDetermining the optimal number of clusters presented an interesting challenge. Using techniques like the elbow method and silhouette analysis, I identified distinct customer segments that made business sense while maintaining statistical validity.\n\nThe most rewarding aspect was translating technical results into actionable business insights. The clusters revealed patterns like high-value customers with infrequent purchases versus regular customers with moderate spending. These insights enabled targeted marketing strategies that increased revenue potential by 20%.\n\nThis project reinforced my belief that successful data science combines technical expertise with business acumen. The best algorithms are meaningless without clear communication of their practical implications.",
    "date": "2024-10-20",
    "author": "Sai Kiran",
    "tags": ["Machine Learning", "K-Means", "Customer Segmentation", "Business Analytics"]
  }
]
