[
  {
    "title": "Affiliate Marketing & SEO Optimization",
    "description": "Created SEO-optimized blog 'Crazydealzzcrew' featuring affiliate products. Applied on-page SEO, keyword research, and Google Analytics tracking. Created engaging YouTube content and Instagram Reels for product reviews, promoting Amazon affiliate links and improving CTR and conversions.",
    "tech_stack": ["SEO", "Blogging", "YouTube", "Instagram", "Google Analytics", "Affiliate Marketing"],
    "duration": "Nov 2024",
    "highlights": [
      "Created SEO-optimized blog featuring affiliate products with strategic keyword targeting",
      "Applied on-page SEO techniques and implemented Google Analytics tracking for performance monitoring",
      "Created engaging YouTube content and Instagram Reels for product reviews",
      "Successfully promoted Amazon affiliate links, improving click-through rates and conversions"
    ],
    "github_link": "https://github.com/saikiranthipirisetti",
    "demo_link": "",
    "category": "Digital Marketing"
  },
  {
    "title": "Customer Segmentation for a Retail Store",
    "description": "Clustered customers into distinct segments based on purchasing behavior using K-Means clustering in R. Identified key customer trends that improved targeted marketing strategies, increasing revenue potential by 20%.",
    "tech_stack": ["R Programming", "K-Means Clustering", "Data Visualization"],
    "duration": "Nov 2024",
    "highlights": [
      "Segmented customers into distinct groups based on purchasing behavior using various algorithms",
      "Observed different trends discovered during the analysis for business insights",
      "Provided clear and concise summary of results and conclusions helpful in business growth and customer satisfaction",
      "Generated interactive data visualizations for stakeholder interpretation"
    ],
    "github_link": "https://github.com/saikiranthipirisetti",
    "demo_link": "",
    "category": "Data Analytics"
  },
  {
    "title": "Loan Approval Prediction",
    "description": "Built a predictive model using logistic regression to classify loan approvals based on applicant details and credit history. Achieved over 80% model accuracy and created interactive dashboards in Tableau.",
    "tech_stack": ["Python", "Machine Learning", "Logistic Regression", "Tableau", "Google Colab"],
    "duration": "May 2024 - Jul 2024",
    "highlights": [
      "Built a predictive model using logistic regression to classify loan approvals based on applicant details and credit history",
      "Cleaned and processed real-world loan data, handled missing values, and performed feature encoding and visualization for better model accuracy",
      "Achieved over 80% model accuracy and exported cleaned data for dashboard creation in Tableau to support data-driven loan decision-making"
    ],
    "github_link": "https://github.com/saikiranthipirisetti",
    "demo_link": "",
    "category": "Machine Learning"
  },
  {
    "title": "Sales Dashboard & Market Analysis",
    "description": "Analyzed Coca-Cola's sales data, identifying key KPIs and revenue trends over time. Built an interactive dashboard using pivot tables, slicers, and charts, providing insights into consumer preferences and market share.",
    "tech_stack": ["Excel", "Pivot Tables", "Data Visualization", "Dashboard Design"],
    "duration": "Mar 2024 - May 2024",
    "highlights": [
      "Analyzed Coca-Cola's sales data, identifying key KPIs and revenue trends over time",
      "Built an interactive dashboard using pivot tables, slicers, and charts, providing insights into consumer preferences and market share",
      "Summarized all the charts to make an enhanced dashboard with better insights imposed"
    ],
    "github_link": "https://github.com/saikiranthipirisetti",
    "demo_link": "",
    "category": "Business Intelligence"
  },
  {
    "title": "Construction Website",
    "description": "Developed a professional website for a construction builder to promote their work and showcase projects. Created an online platform that is easy to use and efficient for potential clients to explore services and contact the business.",
    "tech_stack": ["HTML", "CSS", "JavaScript"],
    "duration": "Dec 2023",
    "highlights": [
      "Developed a website for a builder to promote their construction work and services",
      "Created an easy-to-use online platform with efficient navigation and user experience",
      "Implemented responsive design to ensure accessibility across different devices",
      "Built contact forms and service showcase sections to improve client engagement"
    ],
    "github_link": "https://github.com/saikiranthipirisetti",
    "demo_link": "",
    "category": "Web Development"
  }
]
